item_number,canonical_item_number
TL-00000,TL-00000
FAS-00001,FAS-00001
CON-00002,CON-00002
TL-00003,TL-00003
BAR-00004,BAR-00004
SVC-00005,SVC-00005
TL-00006,TL-00006
TL-00007,TL-00007
BAR-00008,BAR-00008
FAS-00009,FAS-00009
FAS-00010,FAS-00010
SVC-00011,SVC-00011
TL-00012,TL-00012
CON-00013,CON-00013
FAS-00014-A,FAS-00014-A
FAS-00014-B,FAS-00014-A
FAS-00014-3,FAS-00014-A
SHT-00015,SHT-00015
HDW-00016,HDW-00016
BAR-00017,BAR-00017
CON-00018,CON-00018
HDW-00019,HDW-00019
TL-00020,TL-00020
FAS-00021,FAS-00021
SVC-00022,SVC-00022
CON-00023,CON-00023
TL-00024,TL-00024
SHT-00025,SHT-00025
FAS-00026,FAS-00026
BAR-00027,BAR-00027
BAR-00028,BAR-00028
TL-00029,TL-00029
TL-00030,TL-00030
SVC-00031,SVC-00031
FAS-00032,FAS-00032
FAS-00033,FAS-00033
FAS-00034,FAS-00034
SHT-00035,SHT-00035
BAR-00036,BAR-00036
FAS-00037,FAS-00037
SHT-00038,SHT-00038
TL-00039,TL-00039
FAS-00040,FAS-00040
CON-00041,CON-00041
TL-00042,TL-00042
FAS-00043,FAS-00043
CON-00044,CON-00044
CON-00045,CON-00045
FAS-00046,FAS-00046
FAS-00047,FAS-00047
TL-00048,TL-00048
BAR-00049,BAR-00049
SHT-00050,SHT-00050
BAR-00051,BAR-00051
TL-00052,TL-00052
TL-00053,TL-00053
TL-00054,TL-00054
TL-00055,TL-00055
FAS-00056,FAS-00056
HDW-00057,HDW-00057
BAR-00058,BAR-00058
BAR-00059,BAR-00059
TL-00060,TL-00060
FAS-00061,FAS-00061
HDW-00062,HDW-00062
TL-00063,TL-00063
HDW-00064,HDW-00064
HDW-00065,HDW-00065
HDW-00066,HDW-00066
FAS-00067,FAS-00067
BAR-00068-A,BAR-00068-A
BAR-00068-B,BAR-00068-A
BAR-00068-3,BAR-00068-A
FAS-00069,FAS-00069
SHT-00070,SHT-00070
FAS-00071-A,FAS-00071-A
FAS-00071-B,FAS-00071-A
FAS-00071-3,FAS-00071-A
CON-00072,CON-00072
SHT-00073,SHT-00073
BAR-00074,BAR-00074
FAS-00075,FAS-00075
FAS-00076,FAS-00076
TL-00077,TL-00077
HDW-00078,HDW-00078
TL-00079,TL-00079
TL-00080,TL-00080
FAS-00081,FAS-00081
CON-00082,CON-00082
BAR-00083,BAR-00083
BAR-00084,BAR-00084
BAR-00085,BAR-00085
TL-00086,TL-00086
FAS-00087,FAS-00087
BAR-00088,BAR-00088
HDW-00089,HDW-00089
BAR-00090,BAR-00090
TL-00091,TL-00091
FAS-00092,FAS-00092
FAS-00093-A,FAS-00093-A
FAS-00093-B,FAS-00093-A
FAS-00094,FAS-00094
HDW-00095,HDW-00095
FAS-00096,FAS-00096
BAR-00097,BAR-00097
BAR-00098-A,BAR-00098-A
BAR-00098-B,BAR-00098-A
BAR-00098-3,BAR-00098-A
SVC-00099,SVC-00099
CON-00100,CON-00100
TL-00101,TL-00101
SHT-00102,SHT-00102
SVC-00103,SVC-00103
TL-00104,TL-00104
TL-00105,TL-00105
FAS-00106,FAS-00106
SHT-00107,SHT-00107
BAR-00108,BAR-00108
CON-00109,CON-00109
FAS-00110,FAS-00110
SHT-00111,SHT-00111
FAS-00112,FAS-00112
HDW-00113,HDW-00113
SHT-00114,SHT-00114
CON-00115,CON-00115
TL-00116,TL-00116
TL-00117,TL-00117
FAS-00118,FAS-00118
HDW-00119,HDW-00119
HDW-00120-A,HDW-00120-A
HDW-00120-B,HDW-00120-A
HDW-00120-3,HDW-00120-A
TL-00121,TL-00121
BAR-00122,BAR-00122
FAS-00123,FAS-00123
BAR-00124,BAR-00124
FAS-00125,FAS-00125
FAS-00126-A,FAS-00126-A
FAS-00126-B,FAS-00126-A
FAS-00126-3,FAS-00126-A
BAR-00127,BAR-00127
BAR-00128,BAR-00128
HDW-00129,HDW-00129
SHT-00130,SHT-00130
SVC-00131,SVC-00131
HDW-00132,HDW-00132
FAS-00133,FAS-00133
HDW-00134,HDW-00134
BAR-00135-A,BAR-00135-A
BAR-00135-B,BAR-00135-A
SVC-00136,SVC-00136
FAS-00137-A,FAS-00137-A
FAS-00137-B,FAS-00137-A
TL-00138,TL-00138
BAR-00139,BAR-00139
FAS-00140,FAS-00140
FAS-00141,FAS-00141
SVC-00142,SVC-00142
HDW-00143,HDW-00143
FAS-00144,FAS-00144
SHT-00145,SHT-00145
FAS-00146,FAS-00146
HDW-00147,HDW-00147
FAS-00148,FAS-00148
BAR-00149,BAR-00149
CON-00150,CON-00150
CON-00151,CON-00151
BAR-00152,BAR-00152
HDW-00153,HDW-00153
BAR-00154,BAR-00154
TL-00155,TL-00155
FAS-00156,FAS-00156
TL-00157,TL-00157
TL-00158,TL-00158
TL-00159,TL-00159
BAR-00160,BAR-00160
CON-00161,CON-00161
SHT-00162,SHT-00162
BAR-00163,BAR-00163
HDW-00164,HDW-00164
FAS-00165,FAS-00165
CON-00166,CON-00166
CON-00167,CON-00167
FAS-00168,FAS-00168
SVC-00169,SVC-00169
FAS-00170,FAS-00170
HDW-00171,HDW-00171
SHT-00172,SHT-00172
SVC-00173,SVC-00173
BAR-00174,BAR-00174
BAR-00175,BAR-00175
FAS-00176,FAS-00176
SVC-00177,SVC-00177
CON-00178,CON-00178
TL-00179,TL-00179
CON-00180,CON-00180
CON-00181,CON-00181
HDW-00182,HDW-00182
FAS-00183,FAS-00183
TL-00184,TL-00184
TL-00185,TL-00185
FAS-00186,FAS-00186
BAR-00187-A,BAR-00187-A
BAR-00187-B,BAR-00187-A
BAR-00187-3,BAR-00187-A
TL-00188,TL-00188
SHT-00189,SHT-00189
SVC-00190,SVC-00190
SHT-00191,SHT-00191
BAR-00192,BAR-00192
CON-00193,CON-00193
BAR-00194,BAR-00194
SHT-00195,SHT-00195
HDW-00196,HDW-00196
CON-00197,CON-00197
SHT-00198,SHT-00198
FAS-00199,FAS-00199
TL-00200,TL-00200
SVC-00201,SVC-00201
HDW-00202,HDW-00202
BAR-00203,BAR-00203
BAR-00204,BAR-00204
SHT-00205,SHT-00205
BAR-00206,BAR-00206
TL-00207,TL-00207
BAR-00208,BAR-00208
HDW-00209,HDW-00209
TL-00210,TL-00210
HDW-00211,HDW-00211
SHT-00212,SHT-00212
CON-00213,CON-00213
TL-00214,TL-00214
TL-00215,TL-00215
BAR-00216,BAR-00216
BAR-00217,BAR-00217
SVC-00218,SVC-00218
FAS-00219,FAS-00219
FAS-00220,FAS-00220
FAS-00221,FAS-00221
TL-00222,TL-00222
SVC-00223,SVC-00223
FAS-00224,FAS-00224
SVC-00225,SVC-00225
BAR-00226,BAR-00226
HDW-00227,HDW-00227
HDW-00228,HDW-00228
BAR-00229,BAR-00229
BAR-00230,BAR-00230
FAS-00231,FAS-00231
SVC-00232,SVC-00232
HDW-00233,HDW-00233
SVC-00234,SVC-00234
CON-00235,CON-00235
FAS-00236,FAS-00236
TL-00237,TL-00237
BAR-00238,BAR-00238
BAR-00239-A,BAR-00239-A
BAR-00239-B,BAR-00239-A
CON-00240,CON-00240
CON-00241,CON-00241
SHT-00242,SHT-00242
HDW-00243,HDW-00243
HDW-00244,HDW-00244
CON-00245,CON-00245
HDW-00246,HDW-00246
FAS-00247,FAS-00247
FAS-00248,FAS-00248
FAS-00249,FAS-00249
TL-00250,TL-00250
CON-00251,CON-00251
FAS-00252,FAS-00252
SHT-00253,SHT-00253
SHT-00254,SHT-00254
TL-00255,TL-00255
CON-00256,CON-00256
BAR-00257,BAR-00257
BAR-00258,BAR-00258
HDW-00259,HDW-00259
BAR-00260,BAR-00260
CON-00261,CON-00261
FAS-00262,FAS-00262
BAR-00263,BAR-00263
SVC-00264,SVC-00264
BAR-00265,BAR-00265
FAS-00266,FAS-00266
BAR-00267,BAR-00267
BAR-00268,BAR-00268
BAR-00269,BAR-00269
BAR-00270,BAR-00270
SHT-00271,SHT-00271
BAR-00272,BAR-00272
HDW-00273,HDW-00273
TL-00274,TL-00274
FAS-00275,FAS-00275
FAS-00276,FAS-00276
HDW-00277,HDW-00277
CON-00278,CON-00278
CON-00279,CON-00279
BAR-00280,BAR-00280
SHT-00281,SHT-00281
SHT-00282,SHT-00282
SHT-00283,SHT-00283
HDW-00284,HDW-00284
FAS-00285,FAS-00285
BAR-00286,BAR-00286
FAS-00287,FAS-00287
HDW-00288,HDW-00288
BAR-00289,BAR-00289
CON-00290,CON-00290
BAR-00291,BAR-00291
SVC-00292,SVC-00292
BAR-00293,BAR-00293
CON-00294,CON-00294
CON-00295,CON-00295
SVC-00296,SVC-00296
CON-00297,CON-00297
TL-00298,TL-00298
TL-00299,TL-00299
TL-00300,TL-00300
BAR-00301,BAR-00301
HDW-00302,HDW-00302
HDW-00303,HDW-00303
CON-00304,CON-00304
FAS-00305,FAS-00305
FAS-00306,FAS-00306
HDW-00307,HDW-00307
SHT-00308,SHT-00308
BAR-00309,BAR-00309
FAS-00310,FAS-00310
FAS-00311,FAS-00311
SHT-00312,SHT-00312
FAS-00313,FAS-00313
FAS-00314,FAS-00314
FAS-00315,FAS-00315
FAS-00316,FAS-00316
TL-00317,TL-00317
FAS-00318,FAS-00318
SVC-00319,SVC-00319
CON-00320,CON-00320
FAS-00321,FAS-00321
FAS-00322,FAS-00322
HDW-00323,HDW-00323
CON-00324,CON-00324
TL-00325,TL-00325
CON-00326,CON-00326
HDW-00327,HDW-00327
HDW-00328,HDW-00328
FAS-00329,FAS-00329
TL-00330,TL-00330
SHT-00331,SHT-00331
TL-00332,TL-00332
CON-00333,CON-00333
BAR-00334,BAR-00334
HDW-00335,HDW-00335
BAR-00336,BAR-00336
TL-00337,TL-00337
BAR-00338,BAR-00338
SVC-00339,SVC-00339
BAR-00340,BAR-00340
SVC-00341,SVC-00341
CON-00342,CON-00342
HDW-00343,HDW-00343
TL-00344,TL-00344
CON-00345,CON-00345
SVC-00346,SVC-00346
SHT-00347,SHT-00347
HDW-00348,HDW-00348
BAR-00349,BAR-00349
HDW-00350,HDW-00350
SHT-00351,SHT-00351
HDW-00352-A,HDW-00352-A
HDW-00352-B,HDW-00352-A
HDW-00352-3,HDW-00352-A
HDW-00353,HDW-00353
FAS-00354,FAS-00354
HDW-00355,HDW-00355
TL-00356,TL-00356
CON-00357,CON-00357
FAS-00358,FAS-00358
HDW-00359,HDW-00359
SVC-00360,SVC-00360
BAR-00361,BAR-00361
BAR-00362,BAR-00362
BAR-00363,BAR-00363
TL-00364,TL-00364
FAS-00365,FAS-00365
TL-00366,TL-00366
TL-00367,TL-00367
FAS-00368,FAS-00368
CON-00369,CON-00369
TL-00370,TL-00370
SHT-00371,SHT-00371
FAS-00372,FAS-00372
FAS-00373,FAS-00373
BAR-00374,BAR-00374
BAR-00375,BAR-00375
SVC-00376,SVC-00376
FAS-00377,FAS-00377
FAS-00378,FAS-00378
TL-00379,TL-00379
HDW-00380,HDW-00380
SVC-00381,SVC-00381
TL-00382,TL-00382
FAS-00383-A,FAS-00383-A
FAS-00383-B,FAS-00383-A
FAS-00384-A,FAS-00384-A
FAS-00384-B,FAS-00384-A
FAS-00384-3,FAS-00384-A
SVC-00385,SVC-00385
TL-00386,TL-00386
SVC-00387,SVC-00387
BAR-00388,BAR-00388
CON-00389,CON-00389
HDW-00390,HDW-00390
BAR-00391,BAR-00391
HDW-00392,HDW-00392
TL-00393,TL-00393
BAR-00394,BAR-00394
FAS-00395,FAS-00395
CON-00396,CON-00396
FAS-00397,FAS-00397
FAS-00398,FAS-00398
FAS-00399,FAS-00399
FAS-00400,FAS-00400
CON-00401,CON-00401
TL-00402,TL-00402
BAR-00403,BAR-00403
SVC-00404,SVC-00404
CON-00405,CON-00405
FAS-00406,FAS-00406
CON-00407,CON-00407
BAR-00408,BAR-00408
SVC-00409,SVC-00409
TL-00410,TL-00410
TL-00411,TL-00411
BAR-00412,BAR-00412
CON-00413,CON-00413
BAR-00414,BAR-00414
SHT-00415,SHT-00415
BAR-00416,BAR-00416
TL-00417,TL-00417
SHT-00418,SHT-00418
CON-00419,CON-00419
TL-00420,TL-00420
BAR-00421-A,BAR-00421-A
BAR-00421-B,BAR-00421-A
BAR-00422,BAR-00422
BAR-00423,BAR-00423
HDW-00424,HDW-00424
CON-00425,CON-00425
SHT-00426,SHT-00426
CON-00427,CON-00427
BAR-00428,BAR-00428
CON-00429,CON-00429
SVC-00430,SVC-00430
TL-00431,TL-00431
TL-00432,TL-00432
CON-00433,CON-00433
BAR-00434,BAR-00434
SHT-00435,SHT-00435
BAR-00436,BAR-00436
HDW-00437,HDW-00437
TL-00438,TL-00438
HDW-00439-A,HDW-00439-A
HDW-00439-B,HDW-00439-A
CON-00440,CON-00440
BAR-00441,BAR-00441
TL-00442,TL-00442
SHT-00443,SHT-00443
SHT-00444,SHT-00444
TL-00445,TL-00445
SVC-00446,SVC-00446
HDW-00447-A,HDW-00447-A
HDW-00447-B,HDW-00447-A
BAR-00448,BAR-00448
HDW-00449,HDW-00449
BAR-00450,BAR-00450
CON-00451,CON-00451
TL-00452,TL-00452
SHT-00453,SHT-00453
BAR-00454-A,BAR-00454-A
BAR-00454-B,BAR-00454-A
BAR-00454-3,BAR-00454-A
SHT-00455,SHT-00455
SVC-00456,SVC-00456
FAS-00457,FAS-00457
TL-00458,TL-00458
HDW-00459,HDW-00459
HDW-00460,HDW-00460
BAR-00461,BAR-00461
SVC-00462,SVC-00462
FAS-00463,FAS-00463
HDW-00464,HDW-00464
TL-00465,TL-00465
TL-00466,TL-00466
SVC-00467,SVC-00467
BAR-00468,BAR-00468
HDW-00469,HDW-00469
FAS-00470,FAS-00470
FAS-00471,FAS-00471
BAR-00472,BAR-00472
BAR-00473,BAR-00473
SHT-00474,SHT-00474
FAS-00475,FAS-00475
FAS-00476,FAS-00476
HDW-00477,HDW-00477
HDW-00478,HDW-00478
FAS-00479,FAS-00479
FAS-00480,FAS-00480
SHT-00481,SHT-00481
HDW-00482,HDW-00482
FAS-00483,FAS-00483
BAR-00484,BAR-00484
FAS-00485,FAS-00485
FAS-00486,FAS-00486
SHT-00487,SHT-00487
HDW-00488,HDW-00488
HDW-00489,HDW-00489
TL-00490,TL-00490
TL-00491,TL-00491
TL-00492,TL-00492
FAS-00493,FAS-00493
TL-00494,TL-00494
HDW-00495,HDW-00495
FAS-00496-A,FAS-00496-A
FAS-00496-B,FAS-00496-A
FAS-00496-3,FAS-00496-A
HDW-00497,HDW-00497
FAS-00498,FAS-00498
HDW-00499,HDW-00499
TL-00500,TL-00500
CON-00501,CON-00501
SVC-00502,SVC-00502
HDW-00503,HDW-00503
HDW-00504,HDW-00504
CON-00505,CON-00505
FAS-00506,FAS-00506
CON-00507,CON-00507
FAS-00508,FAS-00508
BAR-00509,BAR-00509
BAR-00510,BAR-00510
CON-00511,CON-00511
BAR-00512,BAR-00512
FAS-00513-A,FAS-00513-A
FAS-00513-B,FAS-00513-A
FAS-00514,FAS-00514
SHT-00515,SHT-00515
FAS-00516,FAS-00516
TL-00517,TL-00517
BAR-00518,BAR-00518
CON-00519,CON-00519
CON-00520,CON-00520
FAS-00521,FAS-00521
BAR-00522,BAR-00522
HDW-00523,HDW-00523
BAR-00524,BAR-00524
FAS-00525,FAS-00525
SVC-00526,SVC-00526
SVC-00527,SVC-00527
TL-00528,TL-00528
FAS-00529,FAS-00529
TL-00530,TL-00530
TL-00531,TL-00531
FAS-00532,FAS-00532
TL-00533,TL-00533
BAR-00534,BAR-00534
SHT-00535,SHT-00535
HDW-00536,HDW-00536
BAR-00537,BAR-00537
BAR-00538,BAR-00538
CON-00539,CON-00539
SVC-00540,SVC-00540
HDW-00541,HDW-00541
CON-00542,CON-00542
SVC-00543,SVC-00543
BAR-00544,BAR-00544
FAS-00545,FAS-00545
FAS-00546,FAS-00546
BAR-00547,BAR-00547
TL-00548,TL-00548
FAS-00549-A,FAS-00549-A
FAS-00549-B,FAS-00549-A
FAS-00549-3,FAS-00549-A
FAS-00550,FAS-00550
BAR-00551,BAR-00551
SHT-00552,SHT-00552
CON-00553,CON-00553
BAR-00554,BAR-00554
SHT-00555,SHT-00555
FAS-00556,FAS-00556
FAS-00557,FAS-00557
HDW-00558,HDW-00558
FAS-00559,FAS-00559
BAR-00560,BAR-00560
SHT-00561,SHT-00561
CON-00562,CON-00562
HDW-00563-A,HDW-00563-A
HDW-00563-B,HDW-00563-A
TL-00564,TL-00564
TL-00565,TL-00565
TL-00566,TL-00566
BAR-00567-A,BAR-00567-A
BAR-00567-B,BAR-00567-A
BAR-00567-3,BAR-00567-A
FAS-00568,FAS-00568
HDW-00569,HDW-00569
FAS-00570,FAS-00570
CON-00571,CON-00571
FAS-00572,FAS-00572
TL-00573,TL-00573
CON-00574,CON-00574
HDW-00575,HDW-00575
CON-00576,CON-00576
HDW-00577,HDW-00577
CON-00578,CON-00578
FAS-00579,FAS-00579
FAS-00580,FAS-00580
HDW-00581-A,HDW-00581-A
HDW-00581-B,HDW-00581-A
HDW-00581-3,HDW-00581-A
BAR-00582,BAR-00582
FAS-00583,FAS-00583
CON-00584,CON-00584
HDW-00585,HDW-00585
SHT-00586,SHT-00586
FAS-00587,FAS-00587
SHT-00588,SHT-00588
BAR-00589,BAR-00589
SVC-00590,SVC-00590
FAS-00591,FAS-00591
FAS-00592,FAS-00592
HDW-00593,HDW-00593
BAR-00594,BAR-00594
SHT-00595,SHT-00595
TL-00596,TL-00596
HDW-00597,HDW-00597
SVC-00598,SVC-00598
HDW-00599,HDW-00599
FAS-00600,FAS-00600
TL-00601,TL-00601
CON-00602,CON-00602
TL-00603,TL-00603
SVC-00604,SVC-00604
TL-00605,TL-00605
CON-00606,CON-00606
BAR-00607,BAR-00607
TL-00608,TL-00608
FAS-00609,FAS-00609
HDW-00610,HDW-00610
TL-00611,TL-00611
SVC-00612,SVC-00612
SVC-00613,SVC-00613
FAS-00614-A,FAS-00614-A
FAS-00614-B,FAS-00614-A
FAS-00614-3,FAS-00614-A
TL-00615,TL-00615
TL-00616,TL-00616
FAS-00617,FAS-00617
BAR-00618,BAR-00618
BAR-00619,BAR-00619
TL-00620,TL-00620
FAS-00621,FAS-00621
SVC-00622,SVC-00622
FAS-00623,FAS-00623
SVC-00624,SVC-00624
FAS-00625,FAS-00625
CON-00626,CON-00626
BAR-00627,BAR-00627
HDW-00628,HDW-00628
CON-00629,CON-00629
SVC-00630,SVC-00630
CON-00631,CON-00631
BAR-00632-A,BAR-00632-A
BAR-00632-B,BAR-00632-A
FAS-00633,FAS-00633
BAR-00634,BAR-00634
BAR-00635,BAR-00635
TL-00636,TL-00636
TL-00637,TL-00637
TL-00638,TL-00638
CON-00639,CON-00639
TL-00640,TL-00640
CON-00641,CON-00641
BAR-00642,BAR-00642
SHT-00643,SHT-00643
HDW-00644-A,HDW-00644-A
HDW-00644-B,HDW-00644-A
CON-00645,CON-00645
BAR-00646,BAR-00646
HDW-00647,HDW-00647
TL-00648,TL-00648
BAR-00649,BAR-00649
FAS-00650,FAS-00650
CON-00651,CON-00651
TL-00652,TL-00652
SHT-00653,SHT-00653
CON-00654,CON-00654
FAS-00655-A,FAS-00655-A
FAS-00655-B,FAS-00655-A
FAS-00655-3,FAS-00655-A
CON-00656,CON-00656
FAS-00657,FAS-00657
HDW-00658,HDW-00658
FAS-00659,FAS-00659
SHT-00660,SHT-00660
CON-00661,CON-00661
SHT-00662,SHT-00662
BAR-00663,BAR-00663
FAS-00664,FAS-00664
TL-00665,TL-00665
CON-00666,CON-00666
SVC-00667,SVC-00667
FAS-00668,FAS-00668
FAS-00669,FAS-00669
BAR-00670,BAR-00670
HDW-00671,HDW-00671
SVC-00672,SVC-00672
TL-00673,TL-00673
HDW-00674,HDW-00674
FAS-00675,FAS-00675
CON-00676,CON-00676
FAS-00677,FAS-00677
BAR-00678,BAR-00678
FAS-00679,FAS-00679
BAR-00680,BAR-00680
SHT-00681,SHT-00681
BAR-00682,BAR-00682
FAS-00683,FAS-00683
HDW-00684,HDW-00684
FAS-00685,FAS-00685
FAS-00686,FAS-00686
SVC-00687,SVC-00687
TL-00688,TL-00688
HDW-00689,HDW-00689
FAS-00690,FAS-00690
CON-00691,CON-00691
SHT-00692,SHT-00692
FAS-00693,FAS-00693
CON-00694,CON-00694
HDW-00695,HDW-00695
TL-00696,TL-00696
HDW-00697,HDW-00697
TL-00698,TL-00698
FAS-00699,FAS-00699
SHT-00700,SHT-00700
FAS-00701,FAS-00701
BAR-00702,BAR-00702
CON-00703,CON-00703
FAS-00704,FAS-00704
HDW-00705,HDW-00705
CON-00706,CON-00706
TL-00707,TL-00707
FAS-00708,FAS-00708
FAS-00709,FAS-00709
SVC-00710,SVC-00710
TL-00711,TL-00711
CON-00712,CON-00712
CON-00713,CON-00713
TL-00714,TL-00714
SHT-00715,SHT-00715
HDW-00716,HDW-00716
BAR-00717,BAR-00717
TL-00718,TL-00718
SVC-00719,SVC-00719
HDW-00720,HDW-00720
FAS-00721,FAS-00721
BAR-00722,BAR-00722
SVC-00723,SVC-00723
BAR-00724,BAR-00724
BAR-00725-A,BAR-00725-A
BAR-00725-B,BAR-00725-A
BAR-00725-3,BAR-00725-A
SHT-00726,SHT-00726
BAR-00727,BAR-00727
FAS-00728,FAS-00728
HDW-00729,HDW-00729
FAS-00730,FAS-00730
BAR-00731,BAR-00731
BAR-00732,BAR-00732
FAS-00733,FAS-00733
BAR-00734-A,BAR-00734-A
BAR-00734-B,BAR-00734-A
BAR-00734-3,BAR-00734-A
TL-00735,TL-00735
SHT-00736,SHT-00736
FAS-00737,FAS-00737
FAS-00738,FAS-00738
FAS-00739,FAS-00739
BAR-00740,BAR-00740
BAR-00741,BAR-00741
CON-00742,CON-00742
BAR-00743,BAR-00743
HDW-00744,HDW-00744
FAS-00745,FAS-00745
FAS-00746,FAS-00746
FAS-00747,FAS-00747
TL-00748,TL-00748
CON-00749,CON-00749
SHT-00750,SHT-00750
FAS-00751,FAS-00751
SHT-00752,SHT-00752
FAS-00753,FAS-00753
TL-00754,TL-00754
SHT-00755,SHT-00755
FAS-00756,FAS-00756
SVC-00757,SVC-00757
BAR-00758,BAR-00758
FAS-00759,FAS-00759
TL-00760,TL-00760
BAR-00761,BAR-00761
BAR-00762,BAR-00762
BAR-00763,BAR-00763
CON-00764,CON-00764
BAR-00765,BAR-00765
SHT-00766,SHT-00766
BAR-00767,BAR-00767
BAR-00768,BAR-00768
HDW-00769,HDW-00769
SHT-00770,SHT-00770
HDW-00771,HDW-00771
HDW-00772,HDW-00772
CON-00773,CON-00773
BAR-00774-A,BAR-00774-A
BAR-00774-B,BAR-00774-A
CON-00775,CON-00775
HDW-00776,HDW-00776
BAR-00777,BAR-00777
TL-00778,TL-00778
CON-00779,CON-00779
SHT-00780,SHT-00780
CON-00781,CON-00781
FAS-00782,FAS-00782
HDW-00783,HDW-00783
SVC-00784,SVC-00784
FAS-00785,FAS-00785
CON-00786,CON-00786
FAS-00787,FAS-00787
CON-00788,CON-00788
HDW-00789-A,HDW-00789-A
HDW-00789-B,HDW-00789-A
HDW-00789-3,HDW-00789-A
SHT-00790,SHT-00790
FAS-00791-A,FAS-00791-A
FAS-00791-B,FAS-00791-A
FAS-00792,FAS-00792
BAR-00793,BAR-00793
BAR-00794,BAR-00794
FAS-00795,FAS-00795
BAR-00796-A,BAR-00796-A
BAR-00796-B,BAR-00796-A
BAR-00796-3,BAR-00796-A
BAR-00797-A,BAR-00797-A
BAR-00797-B,BAR-00797-A
BAR-00797-3,BAR-00797-A
TL-00798,TL-00798
TL-00799,TL-00799
